run_id,tbias,kp,ddfsnow,ddfsnow_iceratio,ddfice,combined_rmse,glacier_wide_mb,mod_ABL_2023,mod_ABL_2024,mod_ELA_2023,mod_ELA_2024,mod_ELA_2025,mod_ACC_2023,mod_ACC_2024,mod_ACC_2025,rmse_ABL,bias_ABL,rmse_ELA,bias_ELA,rmse_ACC,bias_ACC
9570,0.5,2.0,0.0021,0.2,0.0104999999999999,0.4088991577193309,-1.1447781207345349,-4.548632347316402,-2.275677087877691,0.29227665349682835,0.9089376844372965,1.2892083283884666,1.0448979550226287,1.3323059845353344,1.8224004422141982,0.25289309130573007,0.1528452824029536,0.49501468444542496,0.4034742221075305,0.3977267591192385,0.16486812725738711
9851,0.5,3.5,0.0053999999999999,0.6799999999999999,0.0079411764705882,0.46951067125374263,-1.9316874871575769,-4.152081056534809,-3.0271760996057564,-0.8992361620011389,-0.12255040637130343,0.600545617868373,0.7566440483917705,1.3305719592220246,2.0765003344432005,0.3733607138679542,-0.024628578070282625,0.6526556252144053,-0.5670803168346897,0.26258181117328283,0.15290544735233189
9984,0.5,4.25,0.0065,0.76,0.0085526315789473,0.49085025832753776,-1.9166998246615663,-4.298479818094348,-3.083176902616635,-0.7751762928546423,0.07368544799901189,0.8812472731687042,0.9854364336836672,1.6443167857842356,2.555168209305172,0.3506990795400626,-0.12582836035549172,0.5183720175204557,-0.36674785722897535,0.5401738838486816,0.4933071429243583
9985,0.5,4.25,0.0065,0.8400000000000001,0.0077380952380952,0.4913855564217356,-1.6288942756116633,-3.7585620458903337,-2.659863621024845,-0.5656906806707002,0.20725298409701687,0.9525850251205177,1.0113010911126117,1.6453544102603588,2.5565796631398863,0.5247009032082197,0.3557871665424106,0.39618255924639684,-0.22861755715105522,0.5508097627042912,0.5027450548376189
13673,5.0,2.75,0.001,0.2,0.005,0.5007915476880683,-1.1120592529471405,-5.588069659376444,-2.1273381615573976,0.38916211619442076,0.4940675144181279,0.7894780838919998,0.8531205996431672,1.3806158948770464,1.9572108104685282,0.8475153413012851,-0.2927039104669209,0.3282818499911223,0.13090257150151616,0.2866274976943872,0.1619824349962473
5490,-4.0,1.25,0.0053999999999999,0.28,0.0192857142857142,0.5010687850668989,-2.046968925411364,-3.6390465139602846,-3.2792345399361453,0.004947751151538365,0.7037383403869921,0.8550984270590222,0.9635881644560835,1.6530957380775586,1.6959343088262502,0.7624783252558845,0.105859473051785,0.37599451732514905,0.09459483953251753,0.3749210560467329,0.2025394037866308
8250,-1.0,2.0,0.0031999999999999,0.2,0.0159999999999999,0.5097784905742406,-2.24343878322239,-4.865501748158664,-3.097456938112447,-0.5838002888944239,0.6425749614090256,1.088741746176249,1.339177406052082,1.479112893644219,1.7163545788587187,0.4195876052128469,-0.41647934313555557,0.5039996170522067,-0.044161193769716466,0.5671091948806074,0.27654829285167326
6798,-2.5,1.25,0.0031999999999999,0.2,0.0159999999999999,0.5349420069597046,-2.122456729117713,-4.435074936133739,-3.6454618411330197,-0.27219351885082005,0.4813664585963314,0.5332714665459456,0.9854498590360292,1.171288902668955,1.4179305473496788,0.7195060856988288,-0.4752683886333793,0.4407873563332189,-0.1791851979028477,0.4729500013234762,-0.04344356364844563
13931,5.0,4.25,0.0021,0.6000000000000001,0.0034999999999999,0.5423202416044423,-1.1432184887026007,-4.148810119932822,-2.5693137127937673,-0.8593255010805956,-0.3134191988172166,0.10758397998391722,0.5337474210909765,1.417336022470348,2.2755316447723057,0.25200908447561593,0.2059380836367053,0.8239768942873184,-0.7817202399712984,0.25103720265902474,0.1738716961112101
13674,5.0,2.75,0.001,0.28,0.0035714285714285,0.567052797622011,-0.5540181917713425,-3.827595677376106,-1.4140861261746853,0.40534267457661355,0.5671329010516085,0.791116117776231,0.8533329473998497,1.3818800643973659,1.9598659220857224,0.9824902344665266,0.9441590982246043,0.36281363148369905,0.16119723113481768,0.28688887925016393,0.163359644627646
6943,-2.5,2.0,0.0053999999999999,0.36,0.015,0.5671117078335185,-1.8834026018951786,-4.102604501519527,-3.3929346195675163,-0.12845583934647634,0.4826531774141029,0.6395777964694471,1.4848055208948083,1.7896091922116757,2.1731816330029865,0.6082731359953252,-0.18276956054352156,0.3617491036981846,-0.09540828848764214,0.6929035178792464,0.5808654487031568
5502,-4.0,1.25,0.0065,0.36,0.0180555555555555,0.5714889921403651,-2.40798503248758,-3.9352370649532102,-3.7307415910147936,-0.5855341841285736,0.06411983293433401,0.5257949177764484,0.7983273450704109,1.5640124750238917,1.544035597906856,0.8748111861974686,-0.267989327984002,0.5093747072505999,-0.4252064778059304,0.31823489487511936,0.0671251393337196
9718,0.5,2.75,0.0043,0.6000000000000001,0.0071666666666666,0.5756387915354465,-1.8967605620777135,-3.9042667354163605,-2.8956587646137386,-0.9902579581964015,-0.3027945999943943,0.32067589722477674,0.528360220238261,1.0170180112937617,1.5982014362521675,0.46123351013753244,0.1650372499849504,0.8015566102384012,-0.7507922203220064,0.3151340701801416,-0.18714011073860326
13932,5.0,4.25,0.0021,0.6799999999999999,0.0030882352941176,0.5848988647923328,-0.8986696351787274,-3.5617379735096906,-2.2046817986718428,-0.6599180900474266,-0.15749540886678348,0.16772587958488938,0.5603143531820615,1.4247677956494809,2.2776635473316253,0.7284336629833635,0.6817901139092333,0.70143269098514,-0.6432292064431069,0.25793978211990437,0.18591523205438923
9986,0.5,4.25,0.0065,0.92,0.0070652173913043,0.5855675694143536,-1.3911983806208323,-3.31366206964295,-2.312216985524364,-0.3928684101506814,0.3171350565664435,1.0105322182082834,1.0326007827877244,1.6462066481046538,2.557734142353149,0.8684422057031403,0.7520604724163429,0.31352441437184997,-0.11506704512531818,0.5597138025467318,0.5105138577485091
2773,-7.0,0.5,0.012,0.28,0.0428571428571428,0.585854689405407,-2.1263642848956374,-5.066363359738704,-2.0481158010266896,-0.048974760012429064,0.8761628735663634,0.5880189930206718,0.8243919717405086,0.8952600029850211,1.041706452890418,0.5741762256787211,0.007760419617303338,0.5374841382626868,0.045069035524868704,0.637647097765207,-0.3145471907946841
5503,-4.0,1.25,0.0065,0.44,0.0147727272727272,0.593613890776138,-1.865506640503806,-3.1185885244030307,-2.9473729322514277,-0.364070409660802,0.18634636023256637,0.5477238729815044,0.7988330795553304,1.5656225972836992,1.54514016624878,1.0022532721415445,0.5320192716727707,0.410745222914792,-0.3033333921489105,0.3182564233969444,0.06819861436260326
9719,0.5,2.75,0.0043,0.6799999999999999,0.0063235294117647,0.6071733434404188,-1.591152085661993,-3.340208363379266,-2.450849657804444,-0.7648182743534472,-0.15419135841602583,0.40772275758018617,0.5595705431227451,1.0177509092014823,1.5992058154417805,0.8298227176584725,0.669470989408145,0.6492253294053993,-0.5970956250630955,0.3201997716884994,-0.17615757741133067
12476,3.5,3.5,0.0021,0.36,0.0058333333333333,0.6110938270316031,-0.5611561242629244,-4.021245081681942,-3.2546846841259347,-0.5473395145519525,0.5717460488040709,1.4153548893862848,1.1370359472884437,1.947855703663689,2.762493707902217,0.5565236861065528,-0.07296488290393821,0.5013500718054195,0.05325380787946773,0.7334831090070397,0.7141284529514499
2762,-7.0,0.5,0.0109,0.28,0.0389285714285714,0.6142482384245194,-1.7809007967422237,-4.423773112242863,-1.6363240801284975,0.15669023732431794,0.8762002118287088,0.6330402594860258,0.8243994175012728,0.8952761058727754,1.0417297278814428,0.7046993586450947,0.5349514038143198,0.5181613524412189,0.1286435695463508,0.6376339737969444,-0.31453158291483635
10130,0.5,5.0,0.0087,1.0,0.0087,0.626175531269806,-2.401142938389639,-4.551539581485132,-3.5016190743013516,-1.0738082277679368,-0.3141981219115484,0.3517528968858734,0.6352826340314738,1.328002748996724,2.3298212785112487,0.6174042999306077,-0.46157932789324185,0.8326122913186897,-0.7720844842645374,0.31340099211590755,0.1960355538464822
9703,0.5,2.75,0.0031999999999999,0.28,0.0114285714285714,0.630824507554592,-1.7022861415305717,-5.368283669157165,-3.1554859068682033,-0.2782994072684546,1.012064032378674,1.5094876434601652,1.2526266018444654,1.6453513971001166,2.3000279648868647,0.7176531085566785,-0.6968847880126843,0.6216727104040831,0.3210840895234615,0.5756253496926461,0.49766865461048226
8397,-1.0,2.75,0.0053999999999999,0.52,0.0103846153846153,0.6322853113580653,-1.798226055036195,-3.504370130265273,-2.557637617667145,-0.8005503304866056,-0.15051840042106446,0.7210438654903764,1.450559933754417,1.636203789427217,1.8974755145310156,0.7058736260425359,0.5339961260337909,0.5781003007527196,-0.5033416218057646,0.6322348441829968,0.42641307923754984
9998,0.5,4.25,0.0075999999999999,1.0,0.0075999999999999,0.632342934782157,-2.2341778422725844,-4.07187603636721,-3.1773515207478655,-1.0612212758497819,-0.4167529736062563,0.13194256891736056,0.4277977893868371,1.015204466011502,1.8523758870361202,0.49136738572154515,-0.05961377855753791,0.9154746273287457,-0.8753438935128927,0.2592910218278043,-0.13654061918851354
8118,-1.0,1.25,0.0021,0.2,0.0104999999999999,0.6372910391003354,-1.6885330998500647,-3.4075471708204246,-2.306676343068382,-0.6285581350282364,0.13459659521171424,0.6248595572855175,0.8106437980413668,0.8975932073742474,1.0374365595536779,0.805602684675918,0.7078882430555966,0.4963690505764169,-0.3830339941770016,0.635604928110795,-0.3197754783435693
6799,-2.5,1.25,0.0031999999999999,0.28,0.0114285714285714,0.6439308524764114,-1.366111292651987,-3.029877960580614,-2.4564527204233997,-0.021733071054047426,0.4847314819439909,0.5377033331124699,0.9858192645209939,1.172284850845313,1.4201794080956154,1.0467515151732654,0.8218346594979931,0.3902661180546739,-0.09309941866586224,0.4721846900061234,-0.04223882551269257
8251,-1.0,2.0,0.0031999999999999,0.28,0.0114285714285714,0.6457261068497322,-1.3876867010949896,-3.2592954095076294,-1.99242612530233,-0.21466434032795584,0.6689646511887491,1.0927980006735207,1.340510010780294,1.4811033361386177,1.718104901433776,0.9863691820423631,0.9391392325950202,0.3754544846793914,0.08903277051143799,0.5677297196656907,0.2782394161175626
9850,0.5,3.5,0.0053999999999999,0.6000000000000001,0.0089999999999999,0.6469853320208433,-2.309781768535458,-4.858779191956953,-3.5848651316988684,-1.1763161494367957,-0.3022910163553454,0.4991318124146469,0.7206838544451526,1.329429384199905,2.0749338703281204,0.7212800871768129,-0.6568221618279106,0.8422645717552332,-0.7531584511258315,0.24494992956609635,0.14001570299105934
11023,2.0,2.75,0.0021,0.28,0.0074999999999999,0.6499665882556869,-0.3458592010022073,-3.862251688049481,-2.476369446374408,-0.07753515682794543,1.1032921984348836,1.645692187857446,1.4058634514613622,1.8797372040669873,2.459818981465438,0.4638562581247785,0.39568943278805535,0.6728351999197547,0.4638164098214614,0.7282869516048579,0.6801398789979292
2750,-7.0,0.5,0.0098,0.2,0.0489999999999999,0.6521528374890477,-2.228153034244516,-5.4407054555394705,-1.9331943436305767,0.308992572957119,0.8761547541308442,0.6724738666332627,0.8243897782324612,0.8952565027124672,1.041702469011641,0.8277876771341022,-0.12194989958502367,0.5203113322130613,0.1925403979070753,0.6376493454979767,-0.31455041668114353
9983,0.5,4.25,0.0065,0.6799999999999999,0.0095588235294117,0.653808855920854,-2.2723290804618435,-4.967486822491497,-3.6098301318404875,-1.0343756314183752,-0.09214912506663397,0.7913137425465275,0.9533637542807949,1.6430269506768171,2.5534068801491503,0.76766236603918,-0.7236584771659924,0.6848525667767731,-0.5384036713128273,0.5272722350349774,0.4815991950355875
6944,-2.5,2.0,0.0053999999999999,0.44,0.0122727272727272,0.6546410093783469,-1.3966832392686006,-3.2242740367297476,-2.6358931354975628,0.06541834413966455,0.5361526608001251,0.6724029406425551,1.4851998643992235,1.790676570309401,2.175581466364543,0.9020841042851288,0.6349164138863448,0.34523441178514647,-0.0020086848058850824,0.6936298123229454,0.5821526336910559
8396,-1.0,2.75,0.0053999999999999,0.44,0.0122727272727272,0.6554136487480259,-2.2824459549785394,-4.320736671102328,-3.2070976914524376,-1.1192486743126748,-0.35746702121770424,0.6562275212133972,1.4493978067846323,1.6343715613494472,1.8956817640331334,0.427303806774061,-0.19891718127738267,0.7906593280488456,-0.7001627247723273,0.63138282155452,0.42481704405573756
14051,5.0,5.0,0.0021,0.52,0.0040384615384615,0.6594307276363598,-0.6254807013844008,-4.371701755537645,-2.1714382573384734,-0.027715718868671524,0.6670174542120172,0.9077278034724701,1.1982359615413245,2.1592600255372063,3.182522300312709,0.33670410701749565,0.2934299935619409,0.34999895615255694,0.08900984627193857,0.9805702349686831,0.94500609579708
13930,5.0,4.25,0.0021,0.52,0.0040384615384615,0.6621313214677766,-1.463093355205312,-4.918618228140135,-3.047946691996013,-1.1208693525410918,-0.518501955083255,0.02795430882308747,0.498950150562794,1.407565483859476,2.2727161501810533,0.41828259483368185,-0.4182824600680739,0.9966388146732365,-0.9638056662670865,0.243280123813336,0.15807726153444113
12221,3.5,2.0,0.001,0.2,0.005,0.6710654305433393,-0.13892974896947288,-2.842388932559477,-2.0758982605973495,-0.01717737035649758,0.6176373153074168,1.0786339197660042,0.8564732838452671,1.309128658948357,1.7923676933111088,1.2358606694345349,1.1058564034215868,0.30642062185691726,0.13303128823897448,0.29790743280122317,0.084323212034911
9837,0.5,3.5,0.0043,0.44,0.0097727272727272,0.6734782405676294,-1.3797451048612401,-4.466164259842126,-2.68083244837889,-0.1820717764373958,1.024142897383948,1.7371494007101145,1.4614323353028302,1.9598656137199626,2.7796074496701317,0.04317867019851198,-0.008498354110507922,0.6746480358185318,0.4330735072188889,0.8678334733351639,0.8319684662309749
2739,-7.0,0.5,0.0087,0.2,0.0435,0.6765015482605657,-1.756371025399176,-4.539064577946337,-1.3512827383971775,0.36678212579501057,0.8762053818191234,0.7177833303447535,0.8243999462578047,0.8952783366744109,1.0417337756471443,0.9046114846637606,0.6198263418282428,0.5179666698365878,0.22692361265296246,0.6376316775996362,-0.31452931380688004
11307,2.0,4.25,0.0053999999999999,1.0,0.0053999999999999,0.6881326404542107,-1.7108865987353379,-3.8734257141886963,-3.195348802286199,-1.3484017148938299,-0.37435751904632775,0.25988382788706854,0.551756316606294,1.2735761004866908,1.9878507629620201,0.596747268065127,0.030612741762552353,0.9992452350556631,-0.9142918020176963,0.16383378125114678,0.03606106001833498
2774,-7.0,0.5,0.012,0.36,0.0333333333333333,0.6884208801963307,-1.537783189483429,-3.8623973469216493,-1.4807934536931249,0.0336557580772789,0.8762246437269399,0.5926116767622028,0.8244046584630886,0.8952866372759052,1.0417442002786774,0.9293042637605639,0.8934045996926129,0.530557453248897,0.07416402618880717,0.6376258054798107,-0.3145215013274429
5683,-4.0,2.0,0.012,0.76,0.0157894736842105,0.6884612225311235,-2.080696213250475,-3.427802304466764,-3.3207033379233755,-0.4455908918934184,0.17692368573138517,0.3402332737006754,1.007620094410649,2.34623956627102,2.2247576338029695,0.9018533692694379,0.1907471788049302,0.5325540611315677,-0.4028113108204526,0.6618938374150201,0.6245390981615463
5670,-4.0,2.0,0.0109,0.6000000000000001,0.0181666666666666,0.6896319124605716,-2.241123676938174,-3.8146791234813624,-3.6449129806199885,-0.3877680831603586,0.31408119236543186,0.6558694182521556,1.1723007189537977,2.4333561926568508,2.375280325201241,0.8659425679637256,-0.1647960520506755,0.3931222075675283,-0.2326058241809237,0.7834515779975771,0.7586457456039631
13933,5.0,4.25,0.0021,0.76,0.0027631578947368,0.6900040731528212,-0.7056419529417386,-3.099241778414907,-1.9176431623384715,-0.5028564621072262,-0.03493627811051203,0.21476214783199,0.5812620809516265,1.4306145117049927,2.2793435180500436,1.1112101195321626,1.0565575296233107,0.6138078564390951,-0.5343435307952494,0.2639374006334542,0.1954067035688876
14189,5.0,5.75,0.0031999999999999,1.0,0.0031999999999999,0.6908604282109918,-1.07421045082068,-3.6342246011462187,-2.5283626597904765,-0.7986302490303728,-0.276497088166999,-0.1801218145710759,0.39353516111409836,1.4982012551623298,2.5955562093442435,0.6163997040011012,0.48370636953165236,0.9196364081216228,-0.8450830505894826,0.41681910166129593,0.2607642085402239
5515,-4.0,1.25,0.0075999999999999,0.52,0.0146153846153846,0.6928596038612914,-2.181395550098667,-3.4095865703631247,-3.3094327122059433,-0.7160005588328063,-0.1819014573788635,0.01027790753822258,0.6305304676198555,1.4766874448505576,1.3933155667948303,0.9084685624577157,0.20549035871546595,0.7936478435655163,-0.7225413695578157,0.31631971619762955,-0.06815550691158552
11174,2.0,3.5,0.0043,0.92,0.0046739130434782,0.6945536525380007,-1.403613226170473,-3.3159337277452794,-2.7124994382598686,-1.1513870015007708,-0.2758331951822047,0.2926726029810789,0.512929418047339,1.1595996057682214,1.7625480013244132,0.8392910980120021,0.550783416997426,0.8807391683925773,-0.8048491979006323,0.20274340713004138,-0.08997432495334208
5671,-4.0,2.0,0.0109,0.6799999999999999,0.0160294117647058,0.7031567376643879,-1.8753323859397344,-3.2673947024519125,-3.1168887365397167,-0.22676707018733844,0.41086345078574843,0.6945388396259172,1.1728676951150994,2.435161900645492,2.3765260140706688,0.937116978107016,0.37285828050418535,0.3425361826874035,-0.13378825992522428,0.7846582294476097,0.7598518699437533
14188,5.0,5.75,0.0031999999999999,0.92,0.0034782608695652,0.7050750930382454,-1.2629897991649006,-4.048254199646362,-2.8093246714848563,-0.9660238777983848,-0.4191064769687036,-0.2683223324687243,0.35867176150083013,1.4923899462455044,2.5931827736283264,0.3436797971515789,0.13621056443439095,1.0366374413942203,-0.9778175624119377,0.41511602150955207,0.24641482712488696
9987,0.5,4.25,0.0065,1.0,0.0065,0.7056776825898884,-1.1915729597850384,-2.94072809638543,-2.0216295631827204,-0.2478592458708564,0.4091179474031036,1.0585233132435519,1.050445845612785,1.646918523314403,2.558694510918517,1.1835209034476435,1.0838211702159248,0.26896171252837175,-0.02007266174140032,0.5672692680523201,0.517019626615235
9854,0.5,3.5,0.0053999999999999,0.92,0.0058695652173913,0.7078410443268482,-1.1923142744302122,-2.776717484537611,-1.9493758677133946,-0.3586350353017741,0.22612758131512112,0.792519062739393,0.8265650306481256,1.3327834017062927,2.079510324838298,1.3101434725916994,1.201953323874497,0.3208839622370778,-0.20666279708242,0.29802693561578875,0.1779529190642388
6957,-2.5,2.0,0.0065,0.6000000000000001,0.0108333333333333,0.7082625471919788,-1.7046928738960165,-3.264961722383119,-2.847509773799537,-0.3841059248156895,-0.08088569157551634,-0.12269235120748012,1.2177766851398764,1.5504656329016342,1.8754764948347935,0.8867440580227187,0.5087642519086719,0.7557660730480439,-0.6225613225328953,0.49224301777691676,0.31290627095876805
9720,0.5,2.75,0.0043,0.76,0.0056578947368421,0.709286424660091,-1.3499418359949382,-2.896042493423802,-2.1017634523307365,-0.587077115629086,-0.03733782445811851,0.47544465704940875,0.5841420024026464,1.0183272301212507,1.5999929308590042,1.194092444745313,1.0660970271227308,0.5342982324314703,-0.47632342767926533,0.3248386886455604,-0.16751261220569957
14050,5.0,5.0,0.0021,0.44,0.0047727272727272,0.7127466124238069,-0.9785309802229973,-5.349823687948765,-2.6839609167217615,-0.4478050028789734,0.38559455031001266,0.7900361080465218,1.1979586308019623,2.1576988318816874,3.179192089275677,0.6021262662981467,-0.45189230233526345,0.39401084036813794,-0.184058114840813,0.9786412621687594,0.9432831839864423
9717,0.5,2.75,0.0043,0.52,0.0082692307692307,0.7128678684663857,-2.296531448692726,-4.64432565561427,-3.4818411314779834,-1.2855711663762546,-0.49813823044648475,0.2046530586871953,0.34306176709990993,1.0160507934622451,1.5968706395750079,0.6109268401969994,-0.49808339354612663,1.0072750480844495,-0.9530187793785148,0.30285998277955484,-0.24967226662094566
6956,-2.5,2.0,0.0065,0.52,0.0124999999999999,0.7151079635087433,-2.0724661752270626,-3.878030947784905,-3.403095708491249,-0.5863991456792932,-0.20767124788033753,-0.2670585688924859,1.2174243245409315,1.549496806439112,1.8733019972283285,0.7016133110200127,-0.0755633281380772,0.8907622526031999,-0.7803763208173722,0.4919825699486607,0.31174104273612396
5491,-4.0,1.25,0.0053999999999999,0.36,0.015,0.7163330831393294,-1.4484203961025108,-2.7048114156679346,-2.4249966632769464,0.14416704053209803,0.706384104074544,0.860466277280141,0.9640577141344079,1.6545839708795387,1.6968952201239653,1.277640094350469,1.0000959605275594,0.37320569152273625,0.14367247396226102,0.37527270176079414,0.20351230171263732
5658,-4.0,2.0,0.0098,0.52,0.0188461538461538,0.7197822691804648,-2.0300716061256936,-3.670787816313267,-3.4274707216053937,-0.09271469588734083,0.6413072494045808,1.0480951440396622,1.337549608378253,2.5223531579113407,2.5270911239393024,0.8134962806898222,0.015870731040669606,0.3322501126675271,0.10556256585230073,0.9110377435864977,0.8939979634096321
11175,2.0,3.5,0.0043,1.0,0.0043,0.719788951821286,-1.2330341802432792,-2.9965116112919317,-2.4261423424751043,-0.9661741309899133,-0.16166596665042954,0.37450674412261953,0.5672097411038396,1.1624857387329435,1.7635984992328655,1.0728549015387685,0.853673023116482,0.7534182304191273,-0.6777777845059078,0.2158832338840418,-0.07056867364345047
11173,2.0,3.5,0.0043,0.8400000000000001,0.0051190476190476,0.7202846162786469,-1.6067175454059957,-3.6965698201285435,-3.05478122033769,-1.3720855015119149,-0.412188150588358,0.1946922246283994,0.44821961244080427,1.1561100178434311,1.7612873051153368,0.6426270843498032,0.18932447976688316,1.0349142126279713,-0.9565271424906245,0.19269838781840895,-0.11312768820014257
8543,-1.0,3.5,0.0075999999999999,0.76,0.0099999999999999,0.7225805223114932,-1.8839357121576346,-3.439948146244426,-2.60587310663721,-0.8596347294859329,-0.29076662806489373,0.4368178254511439,1.5591278018913388,1.7920968043071028,2.0777188994484104,0.7497639760731266,0.5420893735591819,0.7041024265692556,-0.6645278440332275,0.722359137099982,0.5746478352156174
5682,-4.0,2.0,0.012,0.6799999999999999,0.0176470588235294,0.7249312268947864,-2.4199016771394413,-3.9281726846737715,-3.811025312822679,-0.6134268402574103,0.06384657193783211,0.2659443678540119,1.0070441994980208,2.3444073187126224,2.2234564323425308,0.9278489284579439,-0.3045989987482254,0.6252923313642783,-0.5212119668218554,0.660662168521706,0.6233026501843913
11158,2.0,3.5,0.0031999999999999,0.52,0.0061538461538461,0.7259612960692717,-0.7607852858659802,-3.648412905337893,-2.65138060284772,-0.8798823473161984,0.6792989823270457,1.5373469550112788,1.391473414596326,1.992095417767456,2.686815424865832,0.6023527662313756,0.4151032459071935,0.7082661841344544,0.018921196674042018,0.8135473258895868,0.7884614190765381
5684,-4.0,2.0,0.012,0.8400000000000001,0.0142857142857142,0.728368760715718,-1.8061790038049206,-3.024118356623867,-2.9266699805130463,-0.31002317441207805,0.26767827292429414,0.39923816452784466,1.0080862628522111,2.347716514700728,2.2258024192986734,1.0644810243945746,0.5896058314315433,0.46892489924693675,-0.3077022456533131,0.6628868748886472,0.6255350656172042
4227,-5.5,1.25,0.012,0.44,0.0272727272727272,0.7331887727472308,-2.2525267304152767,-3.8664317199200235,-3.2413469222040123,-0.7842194472379319,1.200994424817995,0.8081927012478917,1.2752569014877417,2.2381517971379683,2.0551392460284257,0.6225567543653423,0.01111067893798201,0.8302433301968323,-0.018344107057348496,0.6970079925510004,0.6211826482180453
4215,-5.5,1.25,0.0109,0.36,0.0302777777777777,0.7364195765902337,-2.3552411598528717,-4.086768625727749,-3.3991974980359005,-0.6585214447565331,1.2790974581284598,0.9525256605693404,1.3377167717247889,2.238144972324155,2.103527305262339,0.6174240680713794,-0.17798306188182478,0.8127884729197825,0.09770055798042232,0.7289741827804497,0.658129683103761
8542,-1.0,3.5,0.0075999999999999,0.6799999999999999,0.0111764705882352,0.7365311743067907,-2.222679933381695,-3.9884060962412216,-3.0607138162878225,-1.101733169738056,-0.47096062743629785,0.32894182989657117,1.556949838357205,1.7903322614931034,2.0759136778120744,0.47288619873303894,0.04044004373547794,0.8820897581331576,-0.8412506557592611,0.7207254742483015,0.5727319258874609
5516,-4.0,1.25,0.0075999999999999,0.6000000000000001,0.0126666666666666,0.7369497508552184,-1.8226853275366242,-2.8846326420177113,-2.7951819890683938,-0.5366421355366184,-0.06050339270788599,0.09161641240542649,0.6318958194513599,1.477914439180981,1.394192678797087,1.148193535678387,0.7250926844569474,0.6850733936442353,-0.5951763719463593,0.31627310324021624,-0.06699902085685731
10116,0.5,5.0,0.0075999999999999,0.76,0.0099999999999999,0.7374944748243498,-2.2001886334195726,-5.00364389817224,-3.580896325358618,-0.8700318358611476,0.12784891564362644,1.0820769098482952,1.1856696603104717,1.9568673317357679,3.03231932805362,0.7608748247072747,-0.727270111765429,0.5602801793868232,-0.31336867012307534,0.8663298384918038,0.8232854400332865
12613,3.5,4.25,0.0031999999999999,0.76,0.0042105263157894,0.7392097510374454,-0.8702735835876595,-3.2513841546283087,-2.748095485904232,-1.2426711655346256,-0.23455301570103693,0.7513877830908995,0.6629605716848505,1.7302267678219088,2.660451719930921,0.8868449901488479,0.5652601797337296,0.821112572098508,-0.6686121327149211,0.5085216504574256,0.4495463531458935
11039,2.0,2.75,0.0031999999999999,0.6799999999999999,0.0047058823529411,0.7453045731297101,-1.3992051704865782,-3.3699562740230786,-2.7658201491873182,-1.2904851272370825,-0.3542108546697431,0.2299215644139695,0.4147802816506044,1.0495107009222606,1.535163504341238,0.8048123804791614,0.4971117883948015,0.9767957371282455,-0.8982581391642855,0.30875857994214456,-0.235181837695299
2751,-7.0,0.5,0.0098,0.28,0.0349999999999999,0.7500463347739557,-1.4375698560115366,-3.7836045604251867,-1.230609765116673,0.3117446280859788,0.8762370615854793,0.6775341239506136,0.824406819044317,0.8952919902462957,1.0417525331739301,1.1116464040625516,1.0578928372290701,0.5194094546329606,0.1951719378740239,0.6376211086128467,-0.3145162191784857
5504,-4.0,1.25,0.0065,0.52,0.0124999999999999,0.7520658630616386,-1.4901023724060578,-2.5563932008283365,-2.411544728547142,-0.2114300124925349,0.2692252408161637,0.5604142425725254,0.7991831672577339,1.5667298126768006,1.5458955096841722,1.3829913404305647,1.0810310353122607,0.3631322964301356,-0.22059684303461527,0.31827619531755,0.06893616320623557
14308,5.0,6.5,0.0031999999999999,0.8400000000000001,0.0038095238095238,0.7525053956211372,-0.816028451593913,-4.148123848497307,-2.560985061094888,-0.5563326872839066,0.11509855661349411,0.40658307429239526,0.9306528166838153,2.208147230676912,3.500727005822114,0.2535546171818041,0.21044554520390246,0.5429827862951725,-0.43821701879267244,1.0827502262116848,0.9781756843942805
12612,3.5,4.25,0.0031999999999999,0.6799999999999999,0.0047058823529411,0.7551102352312168,-1.0828352856196068,-3.733283095853282,-3.1938425222113302,-1.4907406960557934,-0.3807084420016389,0.6952730011040629,0.6111518294165098,1.7290667052014004,2.659637501774884,0.6729684988756762,0.10143719096769388,0.984809868617489,-0.8187253789844565,0.49873409945260333,0.431618678797598
10904,2.0,2.0,0.0021,0.44,0.0047727272727272,0.756249595958749,-1.2656638293242817,-3.3281343375310706,-2.6857840517869103,-1.311151785551032,-0.25420516492617196,0.402619056297022,0.5402096995113495,0.9372200040831739,1.3084307189407982,0.8295724776375804,0.5580408053410095,0.9265807400718298,-0.8142459647267274,0.45580369172794893,-0.3063798591548928
10262,0.5,5.75,0.0098,1.0,0.0098,0.7589071390470978,-2.5681340924347134,-5.032380969259226,-3.8278422682521867,-1.0866356536311501,-0.21199916116400308,0.5712075982852112,0.8426271155872092,1.6406473331246014,2.8071682042960835,0.9268914704648372,-0.8651116187557062,0.766880555470966,-0.669142405503314,0.6123581224669926,0.5284808843359646
8529,-1.0,3.5,0.0065,0.52,0.0124999999999999,0.7602618432777718,-1.8259290139826225,-3.9083245243023566,-2.699000144095211,-0.6289184166836206,0.20495213879889873,1.3349856387831005,1.979815241127415,2.2190841318847574,2.5779048007203613,0.4212130627290615,0.2613376658012161,0.4499461766347339,-0.12299354636720712,1.104806014453983,1.0239347245775112
9997,0.5,4.25,0.0075999999999999,0.92,0.0082608695652173,0.7611178282728097,-2.508026957105177,-4.545134472422321,-3.571568289445847,-1.2775002655324723,-0.5816653597159813,0.0009299470060475379,0.3381733645068563,0.9934742167146915,1.8507356396535686,0.6665538103899863,-0.4933513809340839,1.08421504992431,-1.0460785594141353,0.27033806020105366,-0.17420559304162786
4026,-5.5,0.5,0.0043,0.2,0.0215,0.7631929035871677,-1.8862368729473276,-3.0261329137055992,-2.5552349387060658,-0.5980085489632636,0.5481150530632718,0.4172807881815274,0.5753636123111104,0.8952737345080054,0.8782435076131868,1.0435214426288117,0.7743160737941674,0.612976287991903,-0.3042042359061548,0.6719656423045417,-0.4520397151892324
4203,-5.5,1.25,0.0098,0.28,0.0349999999999999,0.7652911618695255,-2.543067668184082,-4.434972808964622,-3.6512781299090005,-0.4617027322974474,1.356684069621187,1.0965088675604304,1.4000582298792996,2.2381306880885834,2.1517350132798296,0.7236150752314303,-0.4781254694368111,0.7947824341747483,0.23716340162805663,0.7622531496080716,0.6949746437492376
8688,-1.0,4.25,0.0098,0.92,0.0106521739130434,0.7657831469093662,-2.1265182685410986,-3.702235438577631,-2.8585878922749735,-0.9639987249180072,-0.39169922475918517,0.3184806627771286,1.6606688874291589,1.9469647616087546,2.2570679697652913,0.5868052146820696,0.2845883345736977,0.8070053934599385,-0.7724057623000213,0.8264253927905139,0.7199005396010683
9838,0.5,3.5,0.0043,0.52,0.0082692307692307,0.7674252147965849,-0.9959370200539606,-3.6032771984375485,-2.0913838947679446,0.026844256750365614,1.054136025508466,1.741558301723801,1.4621067055247563,1.9607844727612358,2.780783496125455,0.739668537811823,0.7176694533972534,0.6716612996948135,0.5141795279942108,0.8687013077508551,0.832891558137149
11040,2.0,2.75,0.0031999999999999,0.76,0.0042105263157894,0.771686562663935,-1.187381670209323,-2.9589421066390362,-2.401694599238839,-1.0582029126218324,-0.2212106780115486,0.3150046414667155,0.5256509504231665,1.0499426985095788,1.5361548623091301,1.1015858538277545,0.8846816470610623,0.822562699748334,-0.7481363163888886,0.31999491465229346,-0.1977504962527082
9866,0.5,3.5,0.0065,1.0,0.0065,0.7736288802472208,-2.0672385976057077,-3.5933898822887858,-2.8550359862586703,-1.0488747823656217,-0.5196620887635678,-0.08822083601152686,0.22017258896136088,0.7022532206828181,1.3748326999785596,0.6605236939912732,0.34078706572627193,1.0113743605440986,-0.9789192357135722,0.5312864144931121,-0.4692471634590871
6930,-2.5,2.0,0.0043,0.2,0.0215,0.7778598965953144,-1.6677538276890056,-4.688814413807529,-3.3726515383703726,0.9450615278824002,1.064790266063643,1.207656935825462,1.752148368899324,2.029583795066545,2.4727797333708437,0.5418404702056511,-0.46573297608895103,0.7441428036478029,0.6458362432571684,0.929534009218667,0.8498372991122376
9585,0.5,2.0,0.0031999999999999,0.52,0.0061538461538461,0.7780293197627379,-1.7888887800910418,-3.508802849413693,-2.6550520660621917,-1.0331083823620006,-0.4599008546176605,0.04153214481326584,0.17712948753617813,0.7005386036238821,1.1202034212193475,0.7011060537979966,0.48307254226205765,0.9444291149395936,-0.9104923640554651,0.6281450263812749,-0.5690428292068641
7101,-2.5,2.75,0.0087,0.6799999999999999,0.0127941176470588,0.78011476552738,-1.793508377177077,-3.6598315631134883,-3.1445672529956847,-0.20289630041290818,0.1339007627643064,0.12189948739941636,1.7169594308615848,2.1685343876061194,2.630511223862486,0.6966571826213556,0.1628005919454134,0.5804745250698862,-0.4090320167497285,0.9810059286585265,0.9370016807767301
14307,5.0,6.5,0.0031999999999999,0.76,0.0042105263157894,0.780305347872203,-1.05309395445634,-4.719981152910885,-2.9163591676322094,-0.7493388990390739,-0.03558391577294362,0.3498696810820824,0.9055042016520682,2.200442193207118,3.4975747961532826,0.25533632773561016,-0.25317016027154704,0.6513703110214166,-0.5716843779099784,1.0751384965947803,0.9661737303374897
4204,-5.5,1.25,0.0098,0.36,0.0272222222222222,0.7817379201775858,-1.7798259178544447,-3.2973524440578434,-2.645009287288508,-0.21275088133846032,1.3636237988000153,1.101311340295239,1.4013931381746216,2.2382128881907244,2.1541549525143355,0.8504664668634947,0.5938191343268242,0.7516675665693677,0.3240614192522646,0.7631763868493145,0.6962536596265605
4192,-5.5,1.25,0.0087,0.28,0.0310714285714285,0.7836221825252769,-1.824879365263536,-3.4173617017090385,-2.6757691119828135,0.11238480544992493,1.4420394499509719,1.2457899850999437,1.4639057240089337,2.238214645611097,2.2026460705915607,0.7662246721876176,0.5184345931540739,0.7807495517749122,0.5067380801669468,0.7978303318453126,0.7332554800705305
4216,-5.5,1.25,0.0109,0.44,0.0247727272727272,0.7843277423174045,-1.7716788221632602,-3.2216030235185666,-2.6267050130419642,-0.4198792410588832,1.2849753378970963,0.9566648469006125,1.3388238623964215,2.238208804076175,2.105584511069312,0.9039661737078231,0.6408459817197345,0.7504781890453462,0.18058698124627515,0.7297026416825474,0.6592057258473029
8544,-1.0,3.5,0.0075999999999999,0.8400000000000001,0.009047619047619,0.7853948863557427,-1.6097910305075822,-2.997639209046063,-2.239479538638689,-0.6641155929532894,-0.14558325716304454,0.52318334243253,1.5608061636094004,1.7935193485075245,2.0791661145136766,1.097632492443985,0.9464406261576239,0.5639824364102651,-0.5221718358946014,0.7236339492300035,0.5761638755435339
5672,-4.0,2.0,0.0109,0.76,0.0143421052631578,0.7857081982220417,-1.5866361739982022,-2.8369986740416033,-2.7034892845889877,-0.10002068705229084,0.4863420617899929,0.7237339585686087,1.1733152748993296,2.436580129828059,2.3775005073052657,1.177067135954612,0.7947560206847044,0.32465055892667477,-0.05664822223122979,0.7856061228341727,0.7607986373442182
9705,0.5,2.75,0.0031999999999999,0.44,0.0072727272727272,0.7868056981787266,-0.7495790313102233,-3.085437937590838,-1.6716637838369184,0.1603350049868737,1.01603058338162,1.5177071405594946,1.2538998069974352,1.6470611084953952,2.3022012539066767,1.2081792357959629,1.1864491392861218,0.5871796668294995,0.4713575763093294,0.5769955627966493,0.4993873897998357
4228,-5.5,1.25,0.012,0.52,0.023076923076923,0.7878907628362343,-1.7798364246954064,-3.169466745511915,-2.6145842065296745,-0.5633861217620028,1.206217021487,0.8119256398959696,1.2762236467433454,2.2382041635042764,2.056973403504322,0.9408922329329152,0.6729745239792051,0.7606271771196859,0.05825217987365557,0.6976047920313108,0.6221337379173146
7114,-2.5,2.75,0.0098,0.8400000000000001,0.0116666666666666,0.7883340165368454,-1.9396790598086338,-3.5596251606311036,-3.1510090371122956,-0.41210711513172293,-0.19959863765512292,-0.2879812214548432,1.4495639613442441,1.9284506258488174,2.3307619103921597,0.7601826278174079,0.20968290112830035,0.8608882357399684,-0.7265623247472298,0.7286112942796811,0.6679254991950737
14187,5.0,5.75,0.0031999999999999,0.8400000000000001,0.0038095238095238,0.7883798987627182,-1.487768578850123,-4.542032637490237,-3.144635818092694,-1.1656308907365411,-0.5894026526333903,-0.3737870010032338,0.31714278847125543,1.4854437228750754,2.5903255686271445,0.36511420670683464,-0.27833422779146577,1.1818903239204703,-1.1362735147910552,0.41437983259166367,0.22930402665782512
6958,-2.5,2.0,0.0065,0.6799999999999999,0.0095588235294117,0.7889358210105358,-1.4235373110927296,-2.7978281526117983,-2.425051916762011,-0.2299096157756614,0.01537517506345562,-0.013827510416204003,1.2180461176797066,1.551203345856363,1.877125181766845,1.21231033874662,0.9535599653130953,0.6614278338362889,-0.5027873170428033,0.4924445093627505,0.3137915484343049
11426,2.0,5.0,0.0053999999999999,0.8400000000000001,0.0064285714285714,0.7948946243669933,-1.2724838460526107,-4.140911900801963,-3.206097310454876,-1.1051440189715618,0.2644348186779808,1.219600930803687,1.3309829122082215,2.216235705725837,3.1398112114353873,0.48001686121375,-0.10850460562841935,0.7068473045709953,-0.30036942316329807,1.0157309356227993,0.9940099431231486
5514,-4.0,1.25,0.0075999999999999,0.44,0.0172727272727272,0.7978658335048421,-2.6707382091339076,-4.1287901961364515,-4.017762329025398,-0.9613110846382649,-0.3493686275508665,-0.1034206014462314,0.6285114463753745,1.4750034075845175,1.392105462888631,1.0157955011581838,-0.508276262580925,0.9537291197767425,-0.8980334378784542,0.31635444473893454,-0.06979322771715901
